SC,value
SC(card-statement,config-server),0.875
SC(card-statement,discovery-service),0.875
SC(config-server,statement),0.75
SC(turbine,rabbitmq),0.875
SC(edge-server,config-server),0.875
SC(rabbitmq,monitor),0.75
SC(card-statement,statement),0.875
SC(config-server,card),0.75
SC(discovery-service,monitor),0.75
SC(turbine,discovery-service),0.875
SC(card,card-statement),0.75
SC(statement,discovery-service),0.875
SC(config-server,turbine),0.75
SC(discovery-service,edge-server),0.75
SC(discovery-service,card),0.75
SC(config-server,discovery-service),0.75
SC(monitor,config-server),0.875
