SC,value
SC(config-server,api-gateway),0.5
SC(discovery-server,api-gateway),0.5
SC(hystrix-dashboard,config-server),0.75
SC(customers-service,discovery-server),0.75
SC(config-server,visits-service),0.5
SC(customers-service,config-server),0.75
SC(config-server,discovery-server),0.5
SC(config-server,admin-server),0.5
SC(discovery-server,visits-service),0.5
SC(hystrix-dashboard,discovery-server),0.75
SC(discovery-server,vets-service),0.5
SC(config-server,vets-service),0.5
SC(admin-server,discovery-server),0.75
