SC,value
SC(customer-self-service-frontend,policy-management-backend),0.8333333333333334
SC(customer-management-backend,customer-management-frontend),0.6666666666666667
SC(risk-management-server,policy-management-backend),0.8333333333333334
SC(policy-management-backend,policy-management-frontend),0.6666666666666667
SC(customer-self-service-backend,customer-self-service-frontend),0.6666666666666667
SC(customer-management-backend,customer-core),0.8333333333333334
SC(customer-core,policy-management-backend),0.6666666666666667
SC(customer-self-service-frontend,customer-management-backend),0.8333333333333334
SC(customer-core,customer-self-service-backend),0.6666666666666667
