SC,value
SC(gateway,hystrix),0.8571428571428572
SC(turbine,gateway),0.9285714285714286
SC(simple-service2,zipkin),0.9285714285714286
SC(configserver,simple-service2),0.8571428571428572
SC(discovery,simple-ui),0.8571428571428572
SC(simple-serviceb,configserver),0.9285714285714286
SC(simple-service,gateway),0.8571428571428572
SC(simple-serviceb,discovery),0.9285714285714286
SC(discovery,zipkin),0.8571428571428572
SC(simple-service2,gateway),0.8571428571428572
SC(hystrix,discovery),0.9285714285714286
SC(simple-service,zipkin),0.9285714285714286
SC(turbine,discovery),0.9285714285714286
SC(simple-serviceb,gateway),0.8571428571428572
SC(discovery,gateway),0.8571428571428572
SC(simple-service2,discovery),0.9285714285714286
SC(gateway,zipkin),0.9285714285714286
SC(configserver,discovery),0.9285714285714286
SC(configserver,gateway),0.8571428571428572
SC(configserver,zipkin),0.8571428571428572
SC(zipkin,simple-serviceb),0.8571428571428572
SC(simple-ui,zipkin),0.9285714285714286
SC(simple-service,discovery),0.9285714285714286
SC(configserver,simple-ui),0.8571428571428572
SC(configserver,simple-service),0.8571428571428572
SC(gateway,simple-ui),0.9285714285714286
