SC,value
SC(orca,front50),0.9285714285714286
SC(rosco,gate),0.8571428571428572
SC(gate,igor),0.9285714285714286
SC(gate,clouddriver),0.9285714285714286
SC(igor,orca),0.8571428571428572
SC(orca,gate),0.8571428571428572
SC(orca,echo),0.9285714285714286
SC(igor,redis),0.9285714285714286
SC(redis,gate),0.8571428571428572
SC(echo,gate),0.8571428571428572
SC(rosco,orca),0.8571428571428572
SC(igor,echo),0.9285714285714286
SC(gate,front50),0.9285714285714286
SC(clouddriver,redis),0.9285714285714286
SC(redis,rosco),0.8571428571428572
SC(redis,fiat),0.8571428571428572
SC(fiat,clouddriver),0.9285714285714286
SC(clouddriver,igor),0.8571428571428572
SC(fiat,front50),0.9285714285714286
SC(orca,redis),0.9285714285714286
SC(clouddriver,orca),0.8571428571428572
