SC,value
SC(mysql,ftgo-consumer-service),0.8
SC(ftgo-restaurant-service,cdc-service),0.9
SC(cdc-service,kafka),0.9
SC(dynamodblocal-init,dynamodblocal),0.9
SC(cdc-service,ftgo-order-history-service),0.8
SC(ftgo-kitchen-service,kafka),0.9
SC(mysql,ftgo-restaurant-service),0.8
SC(ftgo-order-service,cdc-service),0.9
SC(kafka,ftgo-restaurant-service),0.8
SC(kafka,ftgo-accounting-service),0.8
SC(ftgo-accounting-service,zookeeper),0.9
SC(ftgo-order-history-service,dynamodblocal),0.9
SC(ftgo-kitchen-service,cdc-service),0.9
SC(mysql,ftgo-order-service),0.8
SC(ftgo-order-service,zipkin),0.9
SC(ftgo-restaurant-service,zookeeper),0.9
SC(kafka,zookeeper),0.9
SC(ftgo-kitchen-service,mysql),0.9
SC(ftgo-accounting-service,mysql),0.9
SC(zookeeper,ftgo-order-history-service),0.8
SC(zookeeper,ftgo-kitchen-service),0.8
SC(kafka,ftgo-order-history-service),0.8
SC(cdc-service,ftgo-consumer-service),0.8
SC(ftgo-consumer-service,kafka),0.9
SC(ftgo-order-service,kafka),0.9
SC(dynamodblocal-init,ftgo-order-history-service),0.8
SC(mysql,cdc-service),0.8
SC(ftgo-accounting-service,cdc-service),0.9
