SC,value
SC(config-server,zuul),0.8571428571428572
SC(config-server,service-a),0.8571428571428572
SC(hystrix-dashboard,service-b),0.8571428571428572
SC(admin-dashboard,config-server),0.9285714285714286
SC(hystrix-dashboard,admin-dashboard),0.8571428571428572
SC(service-b,admin-dashboard),0.8571428571428572
SC(hystrix-dashboard,eureka-server),0.9285714285714286
SC(service-a,zipkin),0.9285714285714286
SC(zipkin,service-b),0.8571428571428572
SC(service-a,hystrix-dashboard),0.9285714285714286
SC(admin-dashboard,eureka-server),0.9285714285714286
SC(service-b,eureka-server),0.9285714285714286
SC(admin-dashboard,rabbitmq),0.9285714285714286
SC(zuul,eureka-server),0.9285714285714286
SC(zuul,service-a),0.9285714285714286
SC(service-a,eureka-server),0.9285714285714286
SC(rabbitmq,zuul),0.8571428571428572
SC(rabbitmq,config-server),0.8571428571428572
SC(zuul,zipkin),0.9285714285714286
SC(rabbitmq,service-a),0.8571428571428572
SC(admin-dashboard,zuul),0.9285714285714286
SC(service-a,service-b),0.9285714285714286
SC(service-a,admin-dashboard),0.8571428571428572
SC(service-b,config-server),0.9285714285714286
SC(rabbitmq,service-b),0.8571428571428572
SC(eureka-server,config-server),0.8571428571428572
