SC,value
SC(gateway-microservice,cart-microservice),0.75
SC(configuration-microservice,discovery-microservice),0.875
SC(configuration-microservice,cart-microservice),0.75
SC(product-catalog-microservice,gateway-microservice),0.875
SC(discovery-microservice,cart-microservice),0.75
SC(product-catalog-microservice,configuration-microservice),0.875
SC(gateway-microservice,discovery-microservice),0.875
SC(product-catalog-microservice,discovery-microservice),0.875
SC(configuration-microservice,gateway-microservice),0.75
SC(redis,cart-microservice),0.75
SC(mongodb,product-catalog-microservice),0.75
