SC,value
SC(order,mysql),0.8333333333333334
SC(api-gateway,rabbit),0.8333333333333334
SC(uc,mysql),0.8333333333333334
SC(mysql,intention),0.6666666666666667
SC(rabbit,uc),0.6666666666666667
SC(rabbit,zipkin),0.6666666666666667
SC(rabbit,position),0.6666666666666667
SC(eureka,order),0.6666666666666667
SC(order,rabbit),0.8333333333333334
SC(rabbit,intention),0.6666666666666667
SC(position,mysql),0.8333333333333334
SC(intention,eureka),0.8333333333333334
SC(eureka,uc),0.6666666666666667
SC(position,eureka),0.8333333333333334
SC(api-gateway,eureka),0.8333333333333334
