serviceName,outDeg,inDeg,maxDeg,numberOfClasses
seq,1,0,1,0
sql.data,1,2,3,0
nosql.data,1,0,1,0
basket.data,1,0,1,0
rabbitmq,1,1,2,0
identity.api,1,0,1,0
basket.api,1,0,1,0
catalog.api,1,0,1,0
ordering.api,1,0,1,0
ordering.backgroundtasks,1,0,1,0
marketing.api,1,0,1,0
payment.api,1,0,1,0
locations.api,1,0,1,0
webhooks.api,1,1,2,0
mobileshoppingapigw,1,0,1,0
mobilemarketingapigw,1,0,1,0
webshoppingapigw,1,0,1,0
webmarketingapigw,1,0,1,0
mobileshoppingagg,1,0,1,0
webshoppingagg,1,0,1,0
ordering.signalrhub,1,0,1,0
webstatus,1,0,1,0
webspa,1,0,1,0
webmvc,1,0,1,0
webhooks.client,1,0,1,0
