SC,value
SC(sql.data,webshoppingagg),0.875
SC(webmarketingapigw,basket.api),0.9375
SC(webshoppingagg,basket.api),0.9375
SC(ordering.backgroundtasks,sql.data),0.9375
SC(mobileshoppingapigw,nosql.data),0.9375
SC(mobileshoppingagg,basket.api),0.9375
SC(mobileshoppingapigw,rabbitmq),0.9375
SC(mobileshoppingagg,identity.api),0.9375
SC(webshoppingapigw,nosql.data),0.9375
SC(mobilemarketingapigw,basket.api),0.9375
SC(catalog.api,webshoppingapigw),0.875
SC(sql.data,identity.api),0.875
SC(ordering.signalrhub,ordering.api),0.9375
SC(catalog.api,webmarketingapigw),0.875
SC(marketing.api,mobileshoppingapigw),0.875
SC(webshoppingagg,identity.api),0.9375
SC(nosql.data,marketing.api),0.875
SC(marketing.api,ordering.signalrhub),0.875
SC(identity.api,marketing.api),0.875
SC(identity.api,ordering.signalrhub),0.875
SC(locations.api,nosql.data),0.9375
SC(webshoppingagg,webmvc),0.875
SC(catalog.api,webshoppingagg),0.875
SC(catalog.api,mobileshoppingagg),0.875
SC(webhooks.api,sql.data),0.9375
SC(basket.api,webshoppingapigw),0.875
SC(identity.api,webshoppingapigw),0.875
SC(webshoppingagg,nosql.data),0.9375
SC(catalog.api,mobileshoppingapigw),0.875
SC(webshoppingapigw,sql.data),0.9375
SC(webmvc,webshoppingapigw),0.9375
SC(webshoppingapigw,rabbitmq),0.9375
SC(sql.data,mobileshoppingapigw),0.875
SC(webshoppingapigw,ordering.api),0.9375
SC(webmarketingapigw,webmvc),0.875
SC(ordering.signalrhub,nosql.data),0.9375
SC(rabbitmq,mobilemarketingapigw),0.875
SC(webshoppingagg,marketing.api),0.9375
SC(marketing.api,sql.data),0.9375
SC(basket.data,basket.api),0.875
SC(rabbitmq,marketing.api),0.875
SC(sql.data,catalog.api),0.875
SC(ordering.signalrhub,sql.data),0.9375
SC(marketing.api,webshoppingapigw),0.875
SC(catalog.api,mobilemarketingapigw),0.875
SC(webhooks.client,webhooks.api),0.9375
SC(mobileshoppingapigw,identity.api),0.9375
SC(locations.api,rabbitmq),0.9375
SC(webmarketingapigw,marketing.api),0.9375
SC(mobileshoppingagg,marketing.api),0.9375
SC(identity.api,basket.api),0.875
SC(webmarketingapigw,rabbitmq),0.9375
SC(identity.api,mobilemarketingapigw),0.875
SC(ordering.api,mobileshoppingagg),0.875
SC(marketing.api,mobilemarketingapigw),0.875
SC(ordering.signalrhub,rabbitmq),0.9375
SC(catalog.api,rabbitmq),0.9375
SC(webshoppingagg,rabbitmq),0.9375
SC(mobilemarketingapigw,nosql.data),0.9375
SC(ordering.api,sql.data),0.9375
SC(rabbitmq,basket.api),0.875
SC(webmarketingapigw,sql.data),0.9375
SC(mobileshoppingagg,rabbitmq),0.9375
SC(sql.data,mobilemarketingapigw),0.875
SC(ordering.backgroundtasks,rabbitmq),0.9375
SC(webmarketingapigw,ordering.api),0.9375
SC(nosql.data,webmarketingapigw),0.875
SC(identity.api,webmarketingapigw),0.875
SC(webshoppingagg,ordering.api),0.9375
SC(mobileshoppingapigw,ordering.api),0.9375
SC(payment.api,rabbitmq),0.9375
SC(mobileshoppingagg,nosql.data),0.9375
SC(mobileshoppingagg,sql.data),0.9375
SC(ordering.api,mobilemarketingapigw),0.875
SC(ordering.api,rabbitmq),0.9375
SC(ordering.signalrhub,basket.api),0.9375
SC(ordering.signalrhub,catalog.api),0.9375
SC(basket.api,mobileshoppingapigw),0.875
