SC,value
SC(distributed_cache,customer),0.75
SC(event_sourcing_middleware,messages_middleware),0.875
SC(database_sql,customer),0.75
SC(customer,messages_middleware),0.875
SC(vehicle,event_sourcing_middleware),0.875
SC(database_sql,ping),0.75
SC(event_sourcing_middleware,ping),0.75
SC(tracking,messages_middleware),0.875
SC(tracking,event_sourcing_middleware),0.875
SC(event_sourcing_middleware,customer),0.75
SC(tracking,distributed_cache),0.875
SC(vehicle,distributed_cache),0.875
SC(distributed_cache,ping),0.75
SC(ping,messages_middleware),0.875
SC(database_sql,event_sourcing_middleware),0.75
SC(database_sql,vehicle),0.75
SC(vehicle,messages_middleware),0.875
